{
    "patches": {
        "required": {
            "iBSS": {
                "file": "Firmware/dfu/iBSS.iphone6.RELEASE.im4p",
                "patch": "iBSS.iphone6.RELEASE.patch"
            },
            "iBEC": {
                "file": "Firmware/dfu/iBEC.iphone6.RELEASE.im4p",
                "patch": "iBEC.iphone6.RELEASE.patch"
            },
            "RestoreRamdisk": {
                "file": "048-23877-271.dmg",
                "patch": "048-23877-271.asr.patch"
            },
            "KernelCache": {
                "file": "kernelcache.release.iphone6",
                "patch": "kernelcache.release.iphone6.patch"
            }
        }
    }
}
