{
    "patches": {
        "required": {
            "iBSS": {
                "file": "Firmware/dfu/iBSS.j85.RELEASE.im4p",
                "patch": "iBSS.j85.RELEASE.patch"
            },
            "iBEC": {
                "file": "Firmware/dfu/iBEC.j85.RELEASE.im4p",
                "patch": "iBEC.j85.RELEASE.patch"
            },
            "RestoreRamdisk": {
                "file": "058-54560-094.dmg",
                "patch": "058-54560-094.asr.patch"
            },
            "KernelCache": {
                "file": "kernelcache.release.j85",
                "patch": "kernelcache.release.j85.patch"
            }
        }
    }
}