{
    "patches": {
        "required": {
            "iBSS": {
                "file": "Firmware/dfu/iBSS.n51.RELEASE.im4p",
                "patch": "iBSS.n51.RELEASE.patch"
            },
            "iBEC": {
                "file": "Firmware/dfu/iBEC.n51.RELEASE.im4p",
                "patch": "iBEC.n51.RELEASE.patch"
            },
            "RestoreRamdisk": {
                "file": "058-52511-081.dmg",
                "patch": "058-52511-081.asr.patch"
            },
            "KernelCache": {
                "file": "kernelcache.release.n51",
                "patch": "kernelcache.release.n51.patch"
            }
        }
    }
}