{
    "patches": {
        "required": {
            "iBSS": {
                "file": "Firmware/dfu/iBSS.n53.RELEASE.im4p",
                "patch": "iBSS.n53.RELEASE.patch"
            },
            "iBEC": {
                "file": "Firmware/dfu/iBEC.n53.RELEASE.im4p",
                "patch": "iBEC.n53.RELEASE.patch"
            },
            "RestoreRamdisk": {
                "file": "058-54560-094.dmg",
                "patch": "058-54560-094.asr.patch"
            },
            "KernelCache": {
                "file": "kernelcache.release.n53",
                "patch": "kernelcache.release.n53.patch"
            }
        }
    }
}
