{
    "version": "11.4.1",
    "boardconfig": "ipad4b",
    "processor": "S5L8960",
    "files": {
        "ibss": {
            "file": "Firmware/dfu/iBSS.ipad4b.RELEASE.im4p",
            "patch": "iBSS.ipad4b.RELEASE.patch"
        },
        "ibec": {
            "file": "Firmware/dfu/iBEC.ipad4b.RELEASE.im4p",
            "patch": "iBEC.ipad4b.RELEASE.patch"
        },
        "ramdisk": {
            "file": "048-20313-076.dmg",
            "patch": "048-20313-076.asr.patch"
        },
        "kernelcache": {
            "file": "kernelcache.release.ipad4b",
            "patch": "kernelcache.release.ipad4b.patch"
        }
    }
}
