{
    "version": "13.5",
    "boardconfig": "d21",
    "processor": "T8015",
    "files": {
        "ibss": {
            "file": "Firmware/dfu/iBSS.d21.RELEASE.im4p",
            "patch": "iBSS.d21.RELEASE.patch"
        },
        "ibec": {
            "file": "Firmware/dfu/iBEC.d21.RELEASE.im4p",
            "patch": "iBEC.d21.RELEASE.patch"
        },
        "ramdisk": {
            "file": "038-35648-088.dmg",
            "patch": "038-35648-088.asr.patch"
        },
        "kernelcache": {
            "file": "kernelcache.release.iphone10",
            "patch": "kernelcache.release.iphone10.patch"
        }
    }
}
