{
    "version": "13.4",
    "processor": "S8000",
    "devices": [{
        "boardconfig": "n71",
        "files": {
            "ibss": {
                "file": "Firmware/dfu/iBSS.n71.RELEASE.im4p",
                "patch": "iBSS.n71.RELEASE.patch"
            },
            "ibec": {
                "file": "Firmware/dfu/iBEC.n71.RELEASE.im4p",
                "patch": "iBEC.n71.RELEASE.patch"
            }
        }
    },
    {
        "boardconfig": "n71m",
        "files": {
            "ibss": {
                "file": "Firmware/dfu/iBSS.n71m.RELEASE.im4p",
                "patch": "iBEC.n71m.RELEASE.patch"
            },
            "ibec": {
                "file": "Firmware/dfu/iBEC.n71m.RELEASE.im4p",
                "patch": "iBEC.n71m.RELEASE.patch"
            }
        }
    }],
    "files": {
        "ramdisk": {
            "file": "048-64389-366.dmg",
            "patch": "048-64389-366.asr.patch"
        },
        "kernelcache": {
            "file": "kernelcache.release.n71",
            "patch": "kernelcache.release.n71.patch"
        }
    }
}
