{
    "version": "13.5",
    "processor": "S8000",
    "devices": [{
        "boardconfig": "n69u",
        "files": {
            "ibss": {
                "file": "Firmware/dfu/iBSS.n69u.RELEASE.im4p",
                "patch": "iBSS.n69u.RELEASE.patch"
            },
            "ibec": {
                "file": "Firmware/dfu/iBEC.n69u.RELEASE.im4p",
                "patch": "iBEC.n69u.RELEASE.patch"
            }
        }
    },
    {
        "boardconfig": "n69",
        "files": {
            "ibss": {
                "file": "Firmware/dfu/iBSS.n69.RELEASE.im4p",
                "patch": "iBSS.n69.RELEASE.patch"
            },
            "ibec": {
                "file": "Firmware/dfu/iBEC.n69.RELEASE.im4p",
                "patch": "iBEC.n69.RELEASE.patch"
            }
        }
    }],
    "files": {
        "ramdisk": {
            "file": "038-35648-088.dmg",
            "patch": "038-35648-088.asr.patch"
        },
        "kernelcache": {
            "file": "kernelcache.release.iphone8b",
            "patch": "kernelcache.release.iphone8b.patch"
        }
    }
}

