{
    "patches": {
        "required": {
            "iBSS": {
                "file": "Firmware/dfu/iBSS.n102.RELEASE.im4p",
                "patch": "iBSS.n102.RELEASE.patch"
            },
            "iBEC": {
                "file": "Firmware/dfu/iBEC.n102.RELEASE.im4p",
                "patch": "iBEC.n102.RELEASE.patch"
            },
            "RestoreRamdisk": {
                "file": "048-78047-092.dmg",
                "patch": "048-78047-092.asr.patch"
            },
            "KernelCache": {
                "file": "kernelcache.release.n102",
                "patch": "kernelcache.release.n102.patch"
            }
        }
    }
}