{
    "patches": {
        "required": {
            "iBSS1": {
                "file": "Firmware/dfu/iBSS.n71.RELEASE.im4p",
                "patch": "iBSS.n71.RELEASE.patch"
            },
            "iBSS2": {
                "file": "Firmware/dfu/iBSS.n71m.RELEASE.im4p",
                "patch": "iBSS.n71m.RELEASE.patch"
            },
            "iBEC1": {
                "file": "Firmware/dfu/iBEC.n71.RELEASE.im4p",
                "patch": "iBEC.n71.RELEASE.patch"
            },
            "iBEC2": {
                "file": "Firmware/dfu/iBEC.n71m.RELEASE.im4p",
                "patch": "iBEC.n71m.RELEASE.patch"
            },
            "RestoreRamdisk": {
                "file": "048-96245-001.dmg",
                "patch": "048-96245-001.asr.patch"
            },
            "KernelCache": {
                "file": "kernelcache.release.n71",
                "patch": "kernelcache.release.n71.patch"
            }
        }
    }
}