{
    "patches": {
        "required": {
            "iBSS": {
                "file": "Firmware/dfu/iBSS.ipad4b.RELEASE.im4p",
                "patch": "iBSS.ipad4b.RELEASE.patch"
            },
            "iBEC": {
                "file": "Firmware/dfu/iBEC.ipad4b.RELEASE.im4p",
                "patch": "iBEC.ipad4b.RELEASE.patch"
            },
            "RestoreRamdisk": {
                "file": "048-20313-076.dmg",
                "patch": "048-20313-076.asr.patch"
            },
            "KernelCache": {
                "file": "kernelcache.release.ipad4b",
                "patch": "kernelcache.release.ipad4b.patch"
            }
        }
    }
}