{
    "patches": {
        "required": {
            "iBSS": {
                "file": "Firmware/dfu/iBSS.d21.RELEASE.im4p",
                "patch": "iBSS.d21.RELEASE.patch"
            },
            "iBEC": {
                "file": "Firmware/dfu/iBEC.d21.RELEASE.im4p",
                "patch": "iBEC.d21.RELEASE.patch"
            },
            "RestoreRamdisk": {
                "file": "038-35648-088.dmg",
                "patch": "038-35648-088.asr.patch"
            },
            "KernelCache": {
                "file": "kernelcache.release.iphone10",
                "patch": "kernelcache.release.iphone10.patch"
            }
        }
    }
}
