{
    "version": "12.4",
    "boardconfig": "iphone6",
    "processor": "S5L8960",
    "files": {
        "ibss": {
            "file": "Firmware/dfu/iBSS.iphone6.RELEASE.im4p",
            "patch": "iBSS.iphone6.RELEASE.patch"
        },
        "ibec": {
            "file": "Firmware/dfu/iBEC.iphone6.RELEASE.im4p",
            "patch": "iBEC.iphone6.RELEASE.patch"
        },
        "ramdisk": {
            "file": "048-78047-092.dmg",
            "patch": "048-78047-092.asr.patch"
        },
        "kernelcache": {
            "file": "kernelcache.release.iphone6",
            "patch": "kernelcache.release.iphone6.patch"
        }
    }
}
