{
    "version": "13.0",
    "boardconfig": "d10",
    "processor": "T8010",
    "files": {
        "ibss": {
            "file": "Firmware/dfu/iBSS.d10.RELEASE.im4p",
            "patch": "iBSS.d10.RELEASE.patch"
        },
        "ibec": {
            "file": "Firmware/dfu/iBEC.d10.RELEASE.im4p",
            "patch": "iBEC.d10.RELEASE.patch"
        },
        "ramdisk": {
            "file": "048-96245-001.dmg",
            "patch": "048-96245-001.asr.patch"
        },
        "kernelcache": {
            "file": "kernelcache.release.iphone9",
            "patch": "kernelcache.release.iphone9.patch"
        }
    }
}
