{
    "patches": {
        "required": {
            "iBSS1": {
                "file": "Firmware/dfu/iBSS.n69.RELEASE.im4p",
                "patch": "iBSS.n69.RELEASE.patch"
            },
            "iBSS2": {
                "file": "Firmware/dfu/iBSS.n69u.RELEASE.im4p",
                "patch": "iBSS.n69u.RELEASE.patch"
            },
            "iBEC1": {
                "file": "Firmware/dfu/iBEC.n69.RELEASE.im4p",
                "patch": "iBEC.n69.RELEASE.patch"
            },
            "iBEC2": {
                "file": "Firmware/dfu/iBEC.n69u.RELEASE.im4p",
                "patch": "iBEC.n69u.RELEASE.patch"
            },
            "RestoreRamdisk": {
                "file": "038-35648-088.dmg",
                "patch": "038-35648-088.asr.patch"
            },
            "KernelCache": {
                "file": "kernelcache.release.iphone8b",
                "patch": "kernelcache.release.iphone8b.patch"
            }
        }
    }
}