{
    "version": "10.1.1",
    "boardconfig": "iphone6",
    "processor": "S5L8960",
    "files": {
        "ibss": {
            "file": "Firmware/dfu/iBSS.n51.RELEASE.im4p",
            "patch": "iBSS.n51.RELEASE.patch"
        },
        "ibec": {
            "file": "Firmware/dfu/iBEC.n51.RELEASE.im4p",
            "patch": "iBEC.n51.RELEASE.patch"
        },
        "ramdisk": [{
            "buildid": "14B100",
            "file": "058-52511-081.dmg",
            "patch": "14B100/058-52511-081.asr.patch"
        },
        {
            "buildid": "14B150",
            "file": "058-52511-082.dmg",
            "patch": "14B150/058-52511-082.asr.patch"
        }],
        "kernelcache": [{
            "buildid": "14B100",
            "file": "kernelcache.release.n51",
            "patch": "14B100/kernelcache.release.n51.patch"
        },
        {
            "buildid": "14B150",
            "file": "kernelcache.release.n51",
            "patch": "14B150/kernelcache.release.n51.patch"
        }]
    }
}
