{
    "patches": {
        "required": {
            "iBSS": {
                "file": "Firmware/dfu/iBSS.d10.RELEASE.im4p",
                "patch": "iBSS.d10.RELEASE.patch"
            },
            "iBEC": {
                "file": "Firmware/dfu/iBEC.d10.RELEASE.im4p",
                "patch": "iBEC.d10.RELEASE.patch"
            },
            "RestoreRamdisk": {
                "file": "048-96245-001.dmg",
                "patch": "048-96245-001.asr.patch"
            },
            "KernelCache": {
                "file": "kernelcache.release.iphone9",
                "patch": "kernelcache.release.iphone9.patch"
            }
        }
    }
}
