{
    "version": "13.5",
    "boardconfig": "d22",
    "processor": "T8015",
    "files": {
        "ibss": {
            "file": "Firmware/dfu/iBSS.d22.RELEASE.im4p",
            "patch": "iBSS.d22.RELEASE.patch"
        },
        "ibec": {
            "file": "Firmware/dfu/iBEC.d22.RELEASE.im4p",
            "patch": "iBEC.d22.RELEASE.patch"
        },
        "ramdisk": {
            "file": "038-35648-088.dmg",
            "patch": "038-35648-088.asr.patch"
        },
        "kernelcache": {
            "file": "kernelcache.release.iphone10b",
            "patch": "kernelcache.release.iphone10b.patch"
        }
    }
}
