{
    "version": "10.2",
    "boardconfig": "ipad4b",
    "processor": "S5L8960",
    "files": {
        "ibss": {
            "file": "Firmware/dfu/iBSS.j71.RELEASE.im4p",
            "patch": "iBSS.j71.RELEASE.patch"
        },
        "ibec": {
            "file": "Firmware/dfu/iBEC.j71.RELEASE.im4p",
            "patch": "iBEC.j71.RELEASE.patch"
        },
        "ramdisk": {
            "file": "058-54560-094.dmg",
            "patch": "058-54560-094.asr.patch"
        },
        "kernelcache": {
            "file": "kernelcache.release.j71",
            "patch": "kernelcache.release.j71.patch"
        }
    }
}
